FirstName,LastName,Email,NetWorth,GreendaleID
Jeff,Winger,Jeff.Winger@greendale.com,50000,10001
Britta,Perry,Britta.Perry@greendale.com,10000,10002
Abed,Nadir,Abed.Nadir@greendale.com,6000,10003
Annie,Edison,Annie.Edison@greendale.com,7000,10004
Troy,Barnes,Troy.Barnes@greendale.com,100000,10005
Pierce,Hawthorne,Pierce.Hawthorne@greendale.com,5000000,7892
Shirley,Bennett,Shirley.Bennett@greendale.com,20000,10006
Craig,Pelton,Craig.Pelton@greendale.com,40000,8923
